Bez;Gemnr;Gemeinde;2000;2001;2002;2003;2004;2005;2006;2007;2008;2009;2010;2011;2012;2013;2014;2015;2016;2017;2018;2019;2020;2021;2022;2023;;;;;
I;70101; Innsbruck             ;454.440;485.436;488.649;488.026;503.198;519.628;508.514;525.369;584.257;533.182;569.507;581.081;631.423;633.126;634.591;667.645;703.027;714.566;737.644;781.571;591.010;82.662;416.075;751.321;;;;;
IM;70201; Arzl im Pitztal       ;64.265;65.456;66.883;68.566;66.460;65.778;61.811;60.379;64.720;65.929;63.736;59.891;57.369;56.672;55.441;56.322;44.337;51.541;58.347;57.125;48.123;2.527;43.862;57.561;;;;;
IM;70202; Haiming               ;33.794;31.345;41.388;37.792;43.472;41.565;38.725;34.509;40.540;39.478;41.151;37.276;41.131;56.697;59.792;62.490;63.236;66.098;78.794;75.370;61.616;2.349;53.306;66.827;;;;;
IM;70203; Imst                  ;68.501;78.619;76.394;79.928;85.455;83.398;96.028;87.531;104.521;96.255;86.502;90.295;89.639;94.607;88.893;87.118;83.214;84.405;87.831;96.888;80.854;4.650;54.387;69.840;;;;;
IM;70204; Imsterberg            ;3.973;5.733;4.235;4.851;5.311;4.375;4.621;4.000;2.751;3.114;2.987;3.436;3.989;4.413;3.741;4.116;3.457;4.368;4.685;5.701;5.040;1.186;4.419;5.730;;;;;
IM;70205; Jerzens               ;137.710;151.639;151.050;170.391;171.828;165.762;153.124;159.216;160.273;159.749;153.680;149.548;150.414;153.962;145.673;149.557;147.119;143.802;148.990;137.466;111.787;1.089;106.653;134.701;;;;;
IM;70206; Karres                ;758;990;1.134;2.319;1.432;1.482;1.539;1.274;1.484;1.483;1.366;1.757;2.144;2.242;2.051;1.924;2.559;2.343;2.412;2.156;1.966;943;1.352;2.492;;;;;
IM;70207; Karrösten             ;7.324;9.126;8.523;10.330;7.875;8.857;10.567;11.015;11.406;10.619;10.005;11.803;14.724;15.558;15.246;15.587;13.936;15.491;15.736;16.238;13.971;3.425;13.466;18.893;;;;;
IM;70208; Längenfeld            ;257.382;301.368;308.852;327.750;335.179;349.640;354.729;356.414;395.528;396.209;387.066;373.929;384.705;396.653;398.502;427.154;426.802;428.142;415.773;422.621;341.900;1.881;317.056;421.281;;;;;
IM;70209; Mieming               ;43.370;46.975;45.591;39.641;43.770;47.424;51.618;51.738;50.249;48.487;48.490;51.299;60.582;58.616;57.124;63.715;63.056;63.588;63.615;73.107;55.649;3.727;60.094;69.838;;;;;
IM;70210; Mils bei Imst         ;122;247;229;1.749;2.308;2.469;2.644;2.722;3.021;2.576;2.275;2.332;2.555;2.132;2.241;2.358;2.528;2.547;2.527;2.288;1.825;370;1.676;2.365;;;;;
IM;70211; Mötz                  ;461;681;462;543;224;407;244;381;139;267;86;128;454;710;314;425;639;711;248;237;309;14;397;322;;;;;
IM;70212; Nassereith            ;28.019;23.173;25.228;24.293;15.588;13.309;11.478;11.132;11.923;11.861;11.100;11.242;12.248;12.895;11.731;12.328;13.416;13.088;16.013;16.777;13.536;173;11.596;16.410;;;;;
IM;70213; Obsteig               ;52.449;58.798;46.068;46.481;44.157;47.556;46.682;43.067;64.348;63.083;60.461;40.307;37.116;33.359;54.595;63.312;50.661;63.094;67.629;69.541;48.618;1.806;31.937;46.931;;;;;
IM;70214; Oetz                  ;122.401;137.763;135.740;137.293;134.817;136.574;130.357;121.826;136.533;134.935;132.583;125.432;136.717;140.190;134.489;144.730;150.325;143.299;152.742;143.819;134.828;3.354;135.919;170.365;;;;;
IM;70215; Rietz                 ;1.581;1.322;2.492;1.161;1.527;1.124;1.180;2.056;3.141;3.769;2.872;1.688;3.004;1.855;1.160;3.796;3.277;3.164;3.444;4.331;4.027;1.344;2.935;3.754;;;;;
IM;70216; Roppen                ;8.200;7.162;7.062;6.520;6.326;6.149;4.932;4.832;4.989;4.959;4.189;3.933;4.133;3.065;3.702;4.450;4.176;3.216;2.498;3.667;1.175;183;1.015;1.905;;;;;
IM;70217; St.Leonhard/Pitztal   ;338.196;347.991;341.594;363.813;345.462;335.934;308.805;320.055;355.306;346.149;336.484;328.293;343.227;366.608;348.866;356.424;360.162;360.519;341.386;338.541;275.650;9.043;261.004;346.555;;;;;
IM;70218; Sautens               ;29.902;37.666;38.815;43.124;43.944;47.313;42.239;45.964;46.671;45.249;44.256;40.139;47.339;44.437;43.020;49.720;51.198;47.951;49.975;45.937;42.914;1.592;35.223;51.958;;;;;
IM;70219; Silz                  ;127.558;134.857;138.898;142.096;139.018;135.339;148.916;152.212;157.518;160.638;159.202;167.063;176.729;179.198;187.988;194.188;192.908;191.047;207.168;213.307;166.673;2.846;182.073;213.051;;;;;
IM;70220; Sölden                ;1.644.428;1.780.619;1.717.281;1.796.376;1.804.040;1.713.921;1.715.724;1.728.056;1.832.873;1.835.706;1.794.908;1.875.335;1.906.463;1.883.135;1.940.286;2.029.505;2.042.641;2.083.144;2.048.821;2.067.037;1.605.081;7.502;1.643.703;1.976.378;;;;;
IM;70221; Stams                 ;1.918;3.616;1.112;1.195;534;1.425;557;2.614;4.264;4.474;2.731;3.191;3.774;3.529;3.040;4.586;5.371;5.779;6.281;6.300;5.643;127;1.346;2.686;;;;;
IM;70222; Tarrenz               ;16.194;15.487;17.411;20.493;20.553;20.525;21.084;20.736;18.617;18.589;17.986;17.797;21.687;20.242;17.506;20.924;20.095;24.687;30.040;24.614;17.277;1.041;8.705;12.228;;;;;
IM;70223; Umhausen              ;73.535;80.608;85.520;88.250;91.414;86.682;75.356;76.459;90.534;85.791;81.997;87.059;112.879;122.190;124.267;130.123;128.024;130.217;135.474;148.415;124.473;20.947;112.836;143.777;;;;;
IM;70224; Wenns                 ;56.948;58.790;62.786;71.944;67.652;67.831;60.006;60.592;62.847;63.309;66.193;62.185;64.496;65.291;64.374;63.226;61.491;64.344;67.500;69.502;57.418;502;58.394;71.722;;;;;
IL;70301; Absam                 ;9.750;9.029;9.189;8.826;8.054;8.430;9.157;9.951;11.571;11.111;9.627;10.097;10.259;9.222;8.293;7.670;8.239;7.787;9.279;9.734;7.849;3.527;6.120;7.799;;;;;
IL;70302; Aldrans               ;10.545;10.694;9.827;9.948;8.721;9.036;9.095;9.050;9.003;8.596;8.533;7.867;7.684;7.015;7.660;6.860;6.685;7.788;8.163;5.719;5.248;948;3.673;3.742;;;;;
IL;70303; Ampass                ;2.406;3.332;3.067;6.032;5.760;4.745;4.196;4.231;4.609;3.777;4.137;3.982;4.141;4.908;4.099;4.679;5.974;7.918;7.072;7.397;4.589;1.746;2.998;4.167;;;;;
IL;70304; Axams                 ;62.415;77.392;83.253;69.263;70.138;71.286;67.872;69.088;73.905;67.978;71.112;68.496;70.691;72.001;73.412;84.362;83.904;83.107;89.788;89.137;65.274;4.252;57.141;87.744;;;;;
IL;70305; Baumkirchen           ;604;337;994;432;581;516;535;635;777;321;234;153;96;63;51;733;771;1.062;1.123;945;705;29;598;1.273;;;;;
IL;70306; Birgitz               ;13.583;13.946;15.224;14.387;14.788;13.191;13.032;12.770;13.583;10.969;11.430;10.190;11.279;8.968;7.612;8.625;7.992;8.097;8.617;8.188;7.901;1.726;5.415;6.938;;;;;
IL;70307; Ellbögen              ;3.426;4.012;5.091;4.721;5.880;4.930;5.073;5.362;6.088;5.532;5.405;5.822;5.461;5.894;5.756;5.297;4.436;4.013;5.091;5.192;4.930;565;3.444;4.388;;;;;
IL;70308; Flaurling             ;938;1.257;1.368;1.063;1.217;983;1.306;1.319;2.684;1.945;1.952;1.087;1.092;907;1.131;1.424;1.572;1.396;1.558;1.141;977;78;576;1.470;;;;;
IL;70309; Fritzens              ;1.159;1.313;1.337;1.217;880;1.488;1.216;1.822;1.315;767;555;477;1.001;611;616;775;742;395;699;735;725;366;350;613;;;;;
IL;70310; Fulpmes               ;188.633;193.054;202.635;223.453;216.096;202.064;198.794;195.014;215.928;206.426;206.550;201.361;217.907;225.062;209.149;212.190;207.354;198.695;197.054;195.550;154.394;1.330;133.627;174.660;;;;;
IL;70311; Gnadenwald            ;3.040;3.074;2.581;3.192;4.395;5.976;9.632;9.849;9.002;10.131;8.455;8.471;8.663;7.819;6.820;7.462;6.048;6.132;6.290;5.344;5.048;1.238;3.662;3.908;;;;;
IL;70312; Götzens               ;28.208;37.591;42.192;43.358;43.398;45.592;40.530;43.106;42.528;42.281;38.118;39.670;42.143;46.268;43.002;38.924;44.769;37.126;40.561;43.147;32.239;4.202;17.472;35.969;;;;;
IL;70313; Gries am Brenner      ;14.301;15.031;13.898;14.730;14.789;15.840;12.780;11.946;13.580;13.828;13.941;12.985;12.028;13.250;12.322;13.137;13.527;15.832;16.279;18.302;14.792;1.184;9.607;16.258;;;;;
IL;70314; Gries im Sellrain     ;24.762;28.477;28.076;28.227;27.603;26.932;26.160;26.285;26.439;26.911;25.999;24.983;24.590;25.824;23.839;24.035;23.458;23.620;25.404;23.094;18.463;469;17.217;18.562;;;;;
IL;70315; Grinzens              ;373;352;393;299;135;148;413;1.023;981;927;1.458;1.210;878;375;606;774;1.302;1.713;1.428;894;1.175;435;877;1.849;;;;;
IL;70317; Gschnitz              ;15.761;16.742;15.910;13.927;13.742;10.949;9.213;10.399;12.801;10.792;11.004;9.648;10.550;10.159;9.768;11.666;14.347;13.859;14.065;11.467;10.041;181;6.393;7.686;;;;;
IL;70318; Hatting               ;1.205;982;1.283;1.362;1.116;2.303;1.984;2.076;1.509;1.836;1.758;1.869;2.310;1.845;2.024;2.079;2.073;2.185;1.841;2.044;1.849;771;1.321;1.357;;;;;
IL;70319; Inzing                ;4.155;6.122;5.154;4.182;3.793;4.584;4.671;5.079;4.292;4.945;4.895;4.009;4.189;5.281;5.301;4.515;5.462;4.264;5.489;4.731;4.254;2.666;3.723;4.750;;;;;
IL;70320; Kematen in Tirol      ;5.772;6.062;6.304;6.773;7.089;6.689;7.057;6.768;7.712;7.379;6.806;7.309;7.186;7.710;6.892;6.531;6.991;8.200;7.758;8.121;7.060;3.738;3.889;7.082;;;;;
IL;70322; Kolsass               ;2.633;3.131;3.688;5.196;5.365;5.796;9.317;9.608;7.579;6.892;7.644;8.757;8.630;8.288;6.958;8.282;8.833;9.719;10.676;12.279;8.495;2.630;6.672;8.109;;;;;
IL;70323; Kolsassberg           ;8.135;7.318;9.649;11.144;10.858;13.185;15.522;15.165;15.917;13.864;13.920;14.311;14.464;15.140;14.840;16.354;17.590;16.074;17.138;17.478;14.560;2.266;13.335;18.719;;;;;
IL;70325; Lans                  ;17.642;19.200;18.114;17.106;19.668;20.526;21.641;21.021;21.961;22.057;22.311;23.449;41.160;42.260;38.833;39.459;39.400;38.511;41.094;41.988;31.973;30.772;38.432;43.732;;;;;
IL;70326; Leutasch              ;331.121;329.285;326.680;323.857;308.582;315.946;295.132;263.463;278.056;270.039;259.745;249.030;254.929;271.330;260.858;254.411;257.108;247.890;257.761;257.575;245.576;1.388;209.052;222.383;;;;;
IL;70328; Mieders               ;40.139;47.329;43.047;51.394;47.621;43.961;43.645;42.479;43.101;37.061;32.940;29.980;32.595;32.623;33.232;35.268;35.661;35.366;35.828;36.084;28.207;685;23.631;34.558;;;;;
IL;70329; Mils                  ;16.787;21.439;16.821;14.233;14.179;11.603;12.097;11.285;12.865;11.893;10.607;8.944;10.049;10.949;10.169;9.256;9.777;12.126;12.461;11.519;9.939;2.357;7.533;12.460;;;;;
IL;70331; Mutters               ;23.737;22.900;25.515;25.648;23.612;28.626;30.714;29.316;34.082;28.955;28.390;27.009;28.512;23.970;23.246;22.992;25.664;30.941;39.087;38.501;29.553;4.020;26.264;44.330;;;;;
IL;70332; Natters               ;7.558;7.006;8.652;8.569;9.359;8.980;8.791;8.351;11.299;11.829;10.827;12.714;14.216;9.738;8.509;10.316;10.905;13.608;14.865;17.085;8.611;1.097;14.877;16.421;;;;;
IL;70333; Navis                 ;7.541;7.377;7.202;8.870;6.910;6.871;6.715;5.204;6.664;6.120;4.771;4.147;5.683;5.373;5.356;5.513;5.763;9.027;9.081;10.440;7.084;1.824;7.193;8.920;;;;;
IL;70334; Neustift im Stubaital ;680.836;712.041;730.841;816.866;816.633;776.659;751.803;764.210;796.771;760.182;741.599;749.414;776.219;768.087;757.795;771.476;794.228;815.784;793.777;790.384;599.547;6.042;578.346;675.486;;;;;
IL;70335; Oberhofen im Inntal   ;1.596;1.832;1.911;1.916;1.495;1.872;1.548;1.584;2.266;2.226;1.266;1.020;1.162;1.233;1.156;933;1.132;819;1.044;1.765;1.282;200;399;466;;;;;
IL;70336; Obernberg am Brenner  ;16.393;16.107;15.617;15.384;14.280;14.150;13.959;10.944;10.497;10.447;9.413;8.149;10.047;9.530;10.554;11.108;11.315;12.804;14.807;14.520;13.615;394;12.656;14.204;;;;;
IL;70337; Oberperfuss           ;19.259;18.742;18.561;19.435;20.881;22.413;23.353;22.755;25.180;22.540;21.523;23.941;22.637;25.447;26.649;22.204;24.135;21.997;25.551;22.613;20.655;2.225;17.212;25.214;;;;;
IL;70338; Patsch                ;13.676;15.133;14.002;13.831;10.855;9.434;6.923;7.950;6.892;6.819;8.250;8.624;8.298;9.011;7.765;6.121;6.094;8.817;8.121;9.152;7.708;1.206;4.965;6.205;;;;;
IL;70339; Pettnau               ;2.309;2.275;2.078;2.422;2.294;2.314;2.230;3.076;3.163;3.046;2.786;3.393;3.436;3.294;2.476;2.371;1.915;2.323;2.656;3.625;2.492;734;2.628;2.935;;;;;
IL;70340; Pfaffenhofen          ;4.652;5.266;5.511;4.940;5.177;4.229;4.878;4.253;4.020;3.962;3.880;4.192;3.751;2.764;1.986;1.961;3.539;4.056;3.736;3.697;1.151;627;630;502;;;;;
IL;70342; Polling in Tirol      ;0;0;0;0;0;0;0;0;0;0;0;0;0;28;0;0;0;15;0;0;0;0;0;0;;;;;
IL;70343; Ranggen               ;402;237;374;301;234;359;716;686;761;538;253;266;182;110;119;0;0;0;60;25;100;0;0;0;;;;;
IL;70344; Reith bei Seefeld     ;90.218;90.256;80.533;66.976;75.198;80.787;76.343;69.382;78.974;74.776;81.935;48.063;48.323;48.072;49.608;49.951;93.679;91.218;97.315;84.842;80.848;1.965;38.451;77.294;;;;;
IL;70345; Rinn                  ;12.619;14.062;14.952;16.603;15.880;14.141;15.369;19.006;13.457;11.808;12.648;10.880;12.023;7.320;6.055;3.810;2.606;2.521;2.963;2.260;2.329;499;2.078;2.144;;;;;
IL;70346; Rum                   ;8.605;9.605;10.454;11.514;13.148;18.392;18.106;19.205;18.870;17.347;17.844;16.817;19.104;19.583;18.399;20.450;20.968;21.992;21.252;22.483;19.259;7.071;13.821;19.258;;;;;
IL;70347; St.Sigmund/Sellrain   ;26.629;26.135;25.821;26.413;26.458;24.326;23.282;21.697;21.477;20.766;21.821;19.571;19.294;22.175;20.522;21.625;21.930;20.002;22.801;20.555;14.979;1.261;15.404;17.453;;;;;
IL;70348; Scharnitz             ;18.432;19.032;17.843;16.465;16.655;16.339;16.341;15.001;17.023;16.672;17.725;16.440;16.830;19.771;18.253;20.925;18.759;20.159;22.480;25.187;20.218;1.811;12.504;16.466;;;;;
IL;70349; Schmirn               ;3.074;3.502;3.758;4.330;4.411;3.865;4.447;3.997;4.614;4.431;4.053;3.797;3.743;4.361;3.484;3.399;3.790;3.657;5.037;8.059;6.858;621;6.719;7.197;;;;;
IL;70350; Schönberg/Stubaital   ;18.347;19.925;19.378;20.812;21.803;20.207;17.676;15.876;19.847;17.165;15.843;15.505;12.012;11.780;11.493;12.804;13.434;13.501;13.610;12.489;11.234;422;9.987;13.866;;;;;
IL;70351; Seefeld in Tirol      ;573.114;593.165;564.385;531.880;530.716;558.658;526.848;506.788;509.258;494.516;493.732;479.684;486.611;525.744;497.637;515.687;531.524;514.914;544.996;526.457;470.063;8.481;378.908;518.734;;;;;
IL;70352; Sellrain              ;5.072;4.979;4.582;4.689;3.794;4.564;3.985;3.627;4.450;3.849;5.180;5.303;6.047;7.659;6.885;7.325;6.822;6.541;7.267;8.305;8.385;74;9.789;11.443;;;;;
IL;70353; Sistrans              ;2.349;2.135;1.869;1.706;2.542;2.224;1.976;3.017;1.253;1.541;1.542;1.060;1.463;1.273;1.283;1.406;1.552;1.387;2.030;3.699;2.888;1.067;3.646;4.140;;;;;
IL;70354; Hall in Tirol         ;8.552;9.966;8.756;10.683;15.228;17.444;16.205;20.929;23.795;23.299;15.538;15.230;18.874;17.245;17.398;17.808;19.664;27.665;39.055;41.643;30.226;9.319;27.202;43.162;;;;;
IL;70355; Steinach/Brenner      ;39.178;38.280;39.695;38.285;36.774;41.814;36.023;44.263;49.045;48.485;44.984;39.356;41.183;41.636;35.123;35.818;39.688;34.579;35.855;38.617;33.680;1.397;27.379;42.518;;;;;
IL;70356; Telfes im Stubai      ;58.120;55.719;60.536;64.531;61.398;58.224;52.992;45.628;48.492;42.900;44.799;43.413;54.913;46.797;44.435;43.274;45.981;49.725;50.460;51.273;41.406;902;31.826;43.428;;;;;
IL;70357; Telfs                 ;103.070;114.082;119.014;113.240;107.838;117.427;111.809;109.914;92.236;98.398;92.474;91.504;94.257;98.225;98.349;102.648;105.081;107.525;107.650;116.445;107.125;5.462;69.226;102.878;;;;;
IL;70358; Thaur                 ;2.234;3.502;3.273;6.316;5.316;6.805;7.432;8.429;6.142;5.019;7.710;7.713;8.381;6.629;5.382;10.455;11.474;8.846;7.886;7.434;5.658;3.894;7.701;12.494;;;;;
IL;70359; Trins                 ;36.493;36.088;34.846;34.322;32.832;35.987;31.201;25.427;25.173;25.039;21.242;19.189;19.022;19.370;17.077;16.273;15.630;16.144;18.546;16.277;13.866;1.167;8.600;12.678;;;;;
IL;70360; Tulfes                ;29.687;35.374;32.791;32.310;34.027;36.081;33.178;33.319;42.004;28.705;24.711;21.828;29.096;26.119;27.941;27.132;26.909;23.487;23.093;22.702;25.746;2.660;14.276;20.697;;;;;
IL;70361; Unterperfuss          ;1.113;773;861;876;937;1.464;1.124;1.202;1.327;1.323;1.317;1.308;956;1.268;864;968;1.408;1.435;988;1.207;920;703;1.482;1.345;;;;;
IL;70362; Vals                  ;3.790;3.300;4.496;4.388;4.571;6.166;4.084;2.735;3.130;3.283;3.046;2.789;4.776;2.999;2.864;3.222;2.857;2.721;4.269;4.944;3.810;42;2.436;2.885;;;;;
IL;70364; Völs                  ;266;247;187;246;70;156;215;213;272;550;602;669;1.279;1.161;955;664;395;260;488;445;600;112;37;187;;;;;
IL;70365; Volders               ;1.937;2.039;2.162;2.834;2.374;3.809;3.036;3.959;3.459;3.503;2.716;2.172;4.077;3.338;3.162;3.617;3.052;3.810;5.327;3.903;4.687;658;3.785;6.481;;;;;
IL;70366; Wattenberg            ;3.891;3.530;3.902;1.579;869;1.848;2.474;2.535;4.417;3.277;3.262;2.638;4.247;6.938;5.937;5.083;4.909;3.789;6.561;7.166;7.630;3.254;5.811;6.886;;;;;
IL;70367; Wattens               ;7.653;6.954;6.995;7.983;7.781;7.552;10.052;8.062;6.782;7.550;7.107;4.281;10.199;9.758;10.660;11.616;11.179;11.724;11.531;11.527;10.012;2.674;6.689;11.097;;;;;
IL;70368; Wildermieming         ;14.894;16.044;16.035;18.148;18.600;17.130;14.132;13.622;14.523;14.890;14.408;14.143;14.638;13.221;12.892;14.171;14.847;14.611;14.398;14.363;13.070;703;12.950;15.085;;;;;
IL;70369; Zirl                  ;11.070;12.393;11.575;11.736;12.294;12.317;16.219;14.747;12.187;10.222;11.103;12.107;11.214;13.755;13.416;12.785;13.174;16.645;14.282;14.668;13.671;4.756;12.613;14.338;;;;;
IL;70370;Matrei am Brenner;29.623;31.101;33.905;32.521;30.416;31.832;29.949;29.653;30.617;29.126;26.803;24.292;25.592;23.936;22.901;24.423;24.618;22.052;24.317;28.526;19.005;5.063;14.408;25.946;;;;;
KB;70401; Aurach bei Kitzbühel  ;42.921;42.995;40.777;40.573;43.432;47.640;47.938;42.449;45.117;38.885;43.487;39.133;40.790;38.719;40.435;43.331;41.117;41.745;38.050;37.998;30.426;1.076;25.576;28.580;;;;;
KB;70402; Brixen im Thale       ;167.832;166.325;168.873;158.296;160.958;176.409;178.136;143.413;162.261;178.274;179.047;172.986;182.731;189.658;181.913;176.840;192.980;185.339;209.205;208.233;193.901;1.805;171.666;185.017;;;;;
KB;70403; Fieberbrunn           ;252.434;241.383;269.334;236.640;244.300;260.535;244.788;218.059;237.184;233.909;245.313;242.442;245.826;257.861;237.662;238.439;282.199;257.418;290.861;297.040;278.962;9.651;243.096;275.805;;;;;
KB;70404; Going/Wilden Kaiser   ;154.626;157.230;166.818;173.549;177.692;189.217;183.104;166.254;177.572;172.443;175.095;171.432;176.310;170.035;170.021;176.410;185.448;178.595;182.521;179.863;156.926;1.491;153.528;175.917;;;;;
KB;70405; Hochfilzen            ;32.974;31.015;33.800;31.710;32.041;35.639;33.397;31.182;32.263;28.928;29.395;29.374;29.874;30.522;31.778;33.751;39.092;37.314;42.536;42.040;39.339;6.831;32.265;38.724;;;;;
KB;70406; Hopfgarten/Brixental  ;167.046;172.868;180.682;180.829;185.251;209.265;202.072;171.875;190.404;202.314;182.556;191.068;195.339;204.583;194.811;195.644;202.179;192.954;216.393;225.159;206.483;5.740;154.797;205.259;;;;;
KB;70407; Itter                 ;37.697;44.531;44.876;45.370;41.841;45.906;44.039;40.061;41.443;46.957;49.745;47.635;48.987;51.500;45.685;55.895;56.877;53.024;60.984;58.959;52.601;3.740;53.582;64.318;;;;;
KB;70408; Jochberg              ;42.798;44.284;44.545;40.105;39.874;44.872;45.805;34.454;37.040;42.635;58.337;61.878;59.565;66.731;61.364;62.086;72.008;72.598;77.062;75.251;64.019;1.909;51.565;60.481;;;;;
KB;70409; Kirchberg in Tirol    ;535.723;526.325;539.771;509.932;501.706;547.149;555.990;498.003;534.864;525.041;525.402;494.862;513.862;486.935;463.443;457.200;471.349;474.351;485.681;471.791;415.143;9.206;349.612;411.879;;;;;
KB;70410; Kirchdorf in Tirol    ;164.030;164.272;162.061;157.519;164.607;172.180;169.182;154.073;158.380;164.818;149.404;153.940;157.629;162.062;150.607;147.184;151.896;137.848;143.131;137.492;119.473;2.307;99.545;118.736;;;;;
KB;70411; Kitzbühel             ;458.151;444.046;434.932;436.247;401.409;432.923;457.464;414.699;430.876;418.455;430.833;434.375;444.799;442.469;450.761;459.931;473.942;461.029;471.006;455.354;388.222;14.224;316.742;385.772;;;;;
KB;70412; Kössen                ;238.876;244.936;250.663;270.969;260.352;262.613;253.092;227.163;231.231;229.058;208.620;206.235;203.757;202.182;194.774;193.820;198.675;202.224;213.470;222.056;190.794;1.766;174.438;202.716;;;;;
KB;70413; Oberndorf in Tirol    ;96.839;99.768;101.442;97.412;93.196;102.602;100.832;85.412;91.616;86.156;87.351;78.478;79.650;82.620;72.672;73.067;72.725;65.554;75.658;73.453;67.645;4.087;50.023;56.782;;;;;
KB;70414; Reith bei Kitzbühel   ;63.024;62.076;64.493;73.724;73.465;69.168;71.348;66.888;65.015;66.974;65.538;56.943;56.520;56.929;57.343;57.818;62.952;63.923;64.444;62.672;53.350;1.656;42.302;47.247;;;;;
KB;70415; St.Jakob in Haus      ;47.320;48.091;48.118;45.945;47.359;50.899;45.453;42.397;47.447;46.053;43.776;40.575;41.977;43.853;40.095;38.660;42.767;38.196;42.948;45.267;40.003;1.064;33.497;39.014;;;;;
KB;70416; St.Johann in Tirol    ;295.378;292.432;292.748;282.877;285.458;305.540;305.100;258.307;285.805;261.958;232.399;224.041;225.928;227.579;212.683;221.144;232.601;246.647;272.348;274.578;239.922;7.781;187.772;233.605;;;;;
KB;70417; St.Ulrich/Pillersee   ;110.909;121.065;118.335;116.995;119.079;117.953;111.688;103.252;101.159;99.453;92.024;86.878;95.441;95.842;90.337;88.769;87.815;77.707;88.842;83.358;69.845;1.894;52.042;60.745;;;;;
KB;70418; Schwendt              ;15.380;16.824;18.086;18.655;20.332;25.423;23.325;21.653;19.448;20.708;20.077;20.245;19.694;19.629;16.046;18.282;20.581;19.261;21.717;21.483;20.198;0;14.680;17.321;;;;;
KB;70419; Waidring              ;124.915;128.143;133.485;131.300;126.094;120.827;114.461;101.291;107.587;118.641;105.113;92.964;103.076;113.352;101.397;106.579;107.693;104.077;110.552;108.191;96.249;1.175;83.763;97.994;;;;;
KB;70420; Westendorf            ;250.400;253.644;256.210;254.140;258.083;271.056;273.927;247.923;263.312;269.357;265.306;270.467;268.947;275.546;267.505;265.993;295.974;283.344;309.266;308.157;280.118;2.241;255.138;310.645;;;;;
KU;70501; Alpbach               ;149.432;154.999;167.942;167.373;169.315;173.822;186.025;176.957;191.165;187.245;200.595;193.462;193.562;215.527;195.204;195.850;219.031;216.733;232.794;215.313;189.970;1.583;190.555;208.019;;;;;
KU;70502; Angath                ;9.108;9.290;10.580;10.296;10.285;10.445;10.842;10.480;10.461;10.880;10.583;9.727;9.238;8.732;8.513;6.408;3.832;3.774;4.911;7.075;5.169;227;2.786;3.742;;;;;
KU;70503; Bad Häring            ;51.030;66.627;78.280;83.623;79.493;78.187;80.804;82.538;83.706;84.131;87.327;81.965;89.394;90.244;90.116;90.548;94.363;98.765;101.290;99.436;80.946;28.397;62.723;83.085;;;;;
KU;70504; Brandenberg           ;12.932;12.042;11.829;11.330;12.993;13.290;13.291;11.938;12.244;11.857;11.584;9.383;9.287;9.660;9.980;9.747;10.427;11.750;10.961;9.926;9.287;148;5.860;8.993;;;;;
KU;70505; Breitenbach am Inn    ;16.664;20.029;20.570;22.803;23.721;22.323;21.528;22.619;21.978;22.023;18.735;18.485;19.536;23.023;20.884;21.641;24.512;24.317;24.919;25.172;22.106;4.123;18.230;26.349;;;;;
KU;70506; Brixlegg              ;26.633;28.875;29.028;27.157;28.267;30.792;28.422;16.303;16.819;17.662;17.585;19.518;23.043;21.653;21.151;19.841;21.109;17.917;17.663;19.791;16.921;987;4.700;9.586;;;;;
KU;70508; Ebbs                  ;35.515;40.446;43.460;48.529;50.518;50.134;49.994;46.391;47.475;44.959;41.215;38.883;47.805;46.910;45.256;44.279;46.545;48.438;47.610;45.147;40.847;10.062;36.240;47.864;;;;;
KU;70509; Ellmau                ;343.012;341.708;358.195;357.611;359.367;384.275;372.038;332.913;356.731;345.139;347.066;331.993;351.040;369.200;347.282;354.227;377.097;351.402;386.955;407.818;375.732;3.380;347.916;370.001;;;;;
KU;70510; Erl                   ;4.464;5.032;3.800;5.218;4.570;6.851;7.210;7.142;7.529;6.331;5.971;6.949;11.927;9.085;11.500;11.532;11.338;12.015;15.353;17.396;13.852;5.057;13.242;17.873;;;;;
KU;70511; Kirchbichl            ;16.098;14.556;16.816;14.971;15.455;18.052;17.264;16.149;16.066;15.917;15.055;15.853;16.164;14.548;15.598;11.023;12.048;12.469;14.597;13.425;11.983;3.551;9.545;9.697;;;;;
KU;70512; Kramsach              ;67.749;69.761;72.059;82.980;85.763;88.280;75.719;61.575;59.657;60.228;58.077;57.606;61.839;61.187;55.095;55.784;59.912;57.099;52.909;57.292;44.080;5.057;31.921;43.558;;;;;
KU;70513; Kufstein              ;64.638;66.305;68.482;68.373;69.592;68.176;62.698;63.844;71.739;60.597;58.463;58.116;62.717;62.130;55.949;52.639;60.002;67.171;74.744;79.102;65.115;18.195;52.668;75.344;;;;;
KU;70514; Kundl                 ;3.792;3.560;5.001;4.851;3.954;4.251;5.401;3.243;3.436;2.464;1.789;1.756;2.376;2.368;2.192;2.876;1.734;3.589;3.192;3.046;3.575;2.679;2.873;2.036;;;;;
KU;70515; Langkampfen           ;8.062;7.638;8.982;10.145;8.792;9.030;13.925;8.188;12.213;6.550;7.790;5.741;7.014;7.407;9.397;5.555;9.035;9.107;8.723;6.394;7.679;2.812;5.818;8.854;;;;;
KU;70516; Mariastein            ;7.701;8.526;10.211;9.770;14.332;10.511;12.945;11.150;11.283;11.184;10.608;8.839;11.112;9.072;8.251;6.796;8.955;8.944;6.644;5.421;5.448;638;4.348;7.210;;;;;
KU;70517; Münster               ;16.797;18.023;15.892;27.814;27.376;20.251;18.127;17.415;24.182;22.550;25.545;22.302;30.389;30.209;24.071;25.951;31.305;20.687;21.411;23.640;17.424;1.216;5.976;9.855;;;;;
KU;70518; Niederndorf           ;10.243;9.263;9.953;9.206;7.630;7.409;8.877;6.122;8.266;8.222;7.320;8.321;9.019;9.690;7.724;6.802;8.309;7.918;6.390;6.119;5.469;1.582;3.459;6.492;;;;;
KU;70519; Niederndorferberg     ;578;526;490;508;768;917;1.124;1.176;1.259;1.035;1.270;991;1.127;1.312;1.894;1.888;1.670;1.511;2.150;2.602;2.037;12;2.013;2.757;;;;;
KU;70520; Radfeld               ;37.210;39.049;38.642;42.080;40.210;45.860;44.050;35.003;35.029;38.440;34.734;32.822;34.833;36.519;33.517;33.688;34.173;28.366;26.988;27.552;25.216;2.835;9.507;19.402;;;;;
KU;70521; Rattenberg            ;496;434;625;1.210;1.333;1.297;844;955;789;1.571;820;860;1.078;995;675;647;683;742;1.226;1.235;1.247;592;900;2.172;;;;;
KU;70522; Reith im Alpbachtal   ;111.410;118.093;121.672;122.606;127.533;117.876;110.995;103.596;100.130;90.713;81.262;85.325;81.758;87.183;78.479;75.095;76.813;75.135;77.270;74.739;66.960;1.487;54.030;71.283;;;;;
KU;70523; Rettenschöss          ;4.125;4.615;4.186;4.042;4.324;4.742;5.068;5.086;4.959;4.730;4.486;3.606;4.676;4.869;5.250;4.778;5.015;5.145;6.140;6.572;5.937;25;4.766;5.525;;;;;
KU;70524; Scheffau/Wild.Kaiser  ;141.364;144.717;142.265;142.187;150.894;161.789;158.969;152.288;164.185;162.486;154.166;155.973;154.605;156.617;146.422;151.105;156.822;138.860;160.879;152.423;135.327;1.575;123.062;133.208;;;;;
KU;70525; Schwoich              ;7.081;7.898;7.861;8.267;8.251;8.731;7.354;6.295;5.764;6.183;6.232;5.071;4.844;5.033;5.692;6.253;6.135;5.576;5.351;5.896;5.580;2.474;6.609;8.558;;;;;
KU;70526; Söll                  ;262.836;264.874;275.549;273.981;277.888;299.566;299.348;292.298;307.530;302.410;299.622;283.221;297.295;307.594;281.786;294.551;307.596;289.532;310.020;308.681;282.886;1.904;228.141;266.828;;;;;
KU;70527; Thiersee              ;80.896;87.291;74.633;78.042;72.879;74.139;75.100;71.149;68.306;76.380;63.448;61.667;65.996;65.621;67.984;73.954;79.772;74.063;80.537;79.938;66.466;7.758;56.767;63.326;;;;;
KU;70528; Angerberg             ;13.128;14.752;15.376;15.793;14.126;16.841;15.508;13.874;14.562;12.071;12.365;11.396;11.582;13.701;12.729;13.616;13.185;13.276;14.100;10.024;12.735;4.943;10.707;16.089;;;;;
KU;70529; Walchsee              ;119.645;125.204;127.309;119.045;126.559;132.950;126.233;115.580;121.652;123.852;119.662;115.540;112.847;116.476;103.210;96.039;109.231;101.913;136.030;133.377;110.123;8.137;74.416;92.545;;;;;
KU;70530; Wildschönau           ;388.331;390.702;420.612;418.021;427.138;439.378;441.473;388.096;405.632;389.310;380.993;371.196;372.450;416.575;389.546;375.344;393.680;378.084;400.416;403.512;359.969;7.164;253.943;360.999;;;;;
KU;70531; Wörgl                 ;40.983;40.000;40.243;41.856;41.289;37.303;40.066;36.756;34.002;38.426;32.623;34.550;33.435;33.341;35.306;33.240;35.586;33.419;37.983;41.458;35.572;9.218;27.269;40.951;;;;;
LA;70601; Faggen                ;2.438;1.830;1.789;2.097;2.168;2.218;2.605;2.121;2.679;2.080;1.853;2.129;2.263;2.313;2.149;2.378;3.186;2.604;3.501;3.470;2.731;78;2.400;3.559;;;;;
LA;70602; Fendels               ;41.056;41.998;41.001;42.051;41.210;47.152;44.892;46.362;48.426;48.602;44.897;40.875;43.722;43.428;44.307;43.518;44.006;44.655;46.807;43.294;36.690;200;28.428;40.552;;;;;
LA;70603; Fiss                  ;393.518;419.601;412.514;440.116;469.698;465.911;459.529;477.932;501.361;547.243;553.966;543.073;572.044;589.185;573.497;596.701;632.848;606.655;624.518;620.668;525.935;351;536.900;595.112;;;;;
LA;70604; Fließ                 ;23.781;33.341;27.241;34.401;33.771;35.648;34.458;31.262;37.889;35.495;33.329;33.448;37.960;38.412;39.364;40.422;39.467;37.828;39.746;39.184;33.528;332;25.789;31.435;;;;;
LA;70605; Flirsch               ;55.855;60.516;76.694;57.417;72.403;71.868;77.494;70.971;74.186;70.100;68.660;63.469;69.425;69.232;64.435;69.490;68.103;71.352;70.064;64.825;51.910;1.624;43.414;52.015;;;;;
LA;70606; Galtür                ;239.816;274.562;297.650;314.207;317.446;313.912;296.349;290.556;327.926;330.338;322.515;321.688;320.298;330.658;317.816;323.932;330.393;333.381;345.693;336.132;265.878;372;267.048;341.296;;;;;
LA;70607; Grins                 ;8.343;8.353;2.189;2.153;2.457;2.557;3.266;2.718;2.866;2.542;2.859;2.599;2.937;3.146;3.420;3.701;3.554;3.826;4.251;4.043;3.917;333;2.961;3.791;;;;;
LA;70608; Ischgl                ;1.043.334;1.139.586;1.125.451;1.155.719;1.222.005;1.201.942;1.221.471;1.208.345;1.297.639;1.298.861;1.291.888;1.322.335;1.336.822;1.314.682;1.299.363;1.345.513;1.357.597;1.376.335;1.402.789;1.409.478;1.037.141;306;1.030.222;1.326.143;;;;;
LA;70609; Kappl                 ;267.964;304.794;334.081;360.764;379.364;359.966;336.334;339.919;391.842;399.190;384.349;376.882;389.663;403.741;386.829;410.278;425.968;406.976;437.967;421.928;342.654;163;303.366;387.067;;;;;
LA;70610; Kaunerberg            ;3.644;5.028;5.436;5.256;5.431;5.783;5.791;5.948;6.880;5.816;6.011;5.799;6.601;6.816;7.064;7.490;8.341;7.348;6.970;6.950;5.752;108;4.209;5.997;;;;;
LA;70611; Kaunertal             ;134.766;147.582;153.938;146.149;154.451;144.556;151.560;149.460;153.623;155.601;143.770;151.929;158.296;162.186;153.353;164.444;170.527;177.050;171.990;159.717;115.887;9.929;112.369;146.275;;;;;
LA;70612; Kauns                 ;5.676;7.182;7.376;7.091;7.815;7.303;6.497;6.349;7.884;8.516;7.587;8.394;8.661;9.408;8.634;8.907;9.755;8.931;10.417;10.679;9.637;179;7.595;9.677;;;;;
LA;70613; Ladis                 ;105.903;116.045;114.836;117.578;125.141;132.411;128.716;133.936;147.858;148.766;167.129;162.600;176.318;189.825;180.678;179.839;197.556;195.223;205.262;214.349;185.029;19;208.536;232.441;;;;;
LA;70614; Landeck               ;46.937;53.226;51.283;52.098;47.861;50.641;50.966;47.266;53.175;52.224;46.232;47.819;50.629;49.218;48.690;47.601;43.218;42.370;41.901;40.100;31.688;5.083;24.463;33.230;;;;;
LA;70615; Nauders               ;268.053;307.956;297.121;283.872;288.254;281.326;260.477;273.060;298.553;317.161;301.559;293.769;309.407;318.729;299.981;317.427;318.525;308.316;321.723;322.625;282.373;771;247.357;296.971;;;;;
LA;70616; Pettneu am Arlberg    ;103.826;107.343;118.325;109.939;134.313;135.414;139.561;144.871;155.298;143.780;150.366;138.737;141.139;145.180;131.649;137.208;148.392;150.592;152.596;147.464;123.611;1.082;119.820;138.427;;;;;
LA;70617; Pfunds                ;103.623;105.009;109.285;115.848;125.302;126.962;129.359;124.274;136.048;141.883;136.523;134.581;129.203;136.735;138.580;141.154;137.147;137.975;134.468;130.207;111.455;482;84.640;113.133;;;;;
LA;70618; Pians                 ;5.170;6.613;7.345;7.400;7.269;7.239;6.567;5.133;7.020;6.755;7.137;6.325;6.535;6.458;6.866;7.923;8.091;7.059;7.053;6.603;5.625;0;4.353;5.848;;;;;
LA;70619; Prutz                 ;29.906;30.323;26.190;34.171;29.402;31.333;27.231;28.401;30.028;28.239;28.629;27.480;28.216;29.335;23.751;24.348;24.921;24.848;29.201;30.209;28.620;459;28.382;34.122;;;;;
LA;70620; Ried im Oberinntal    ;81.957;92.026;93.887;91.013;103.446;104.738;99.346;102.182;121.582;125.386;120.182;112.399;117.095;121.855;110.324;116.925;116.637;107.266;120.257;112.708;97.986;163;87.826;98.839;;;;;
LA;70621; St.Anton am Arlberg   ;859.543;827.618;923.720;927.013;935.877;933.220;926.640;912.216;982.150;936.762;941.032;946.694;983.853;1.016.018;973.249;980.478;1.010.715;1.026.088;1.043.505;1.023.736;803.709;6.156;765.625;903.846;;;;;
LA;70622; Schönwies             ;1.674;2.316;2.463;2.501;2.365;2.129;2.178;1.383;1.407;921;971;1.318;897;898;1.336;1.148;642;907;742;953;1.210;278;1.054;1.434;;;;;
LA;70623; See                   ;108.888;109.315;114.798;122.123;121.155;115.924;115.103;119.494;134.583;131.055;115.986;112.749;117.148;118.514;114.748;123.994;126.865;133.412;147.153;146.120;115.898;55;114.312;149.165;;;;;
LA;70624; Serfaus               ;562.194;616.750;598.465;645.134;648.099;629.860;634.268;661.036;661.625;717.390;715.527;687.691;731.151;753.127;733.586;729.164;761.447;750.427;778.500;779.225;645.505;516;676.539;747.678;;;;;
LA;70625; Spiss                 ;16.908;17.943;17.505;19.454;18.725;16.620;16.125;15.011;14.066;16.101;16.897;17.729;16.716;17.712;17.232;17.817;19.615;19.974;19.288;18.625;14.455;0;13.565;15.335;;;;;
LA;70626; Stanz bei Landeck     ;396;440;563;523;449;423;397;496;254;292;262;214;234;109;174;190;139;171;217;177;128;21;477;1.086;;;;;
LA;70627; Strengen              ;6.645;4.878;4.684;5.605;6.114;5.367;5.498;9.269;9.985;7.924;9.403;6.780;9.145;10.261;10.877;9.708;10.818;12.348;11.256;10.998;9.013;562;5.489;7.256;;;;;
LA;70628; Tobadill              ;4.646;6.166;7.056;7.179;7.899;9.599;10.918;10.554;11.884;10.777;10.679;9.308;12.085;11.566;10.192;10.252;11.600;12.204;11.775;13.301;10.197;192;8.141;9.727;;;;;
LA;70629; Tösens                ;6.140;7.550;7.700;9.933;8.799;8.675;7.887;7.296;8.160;8.445;9.762;9.870;11.319;12.110;11.246;11.237;11.927;8.470;10.016;9.950;9.414;9;8.139;9.489;;;;;
LA;70630; Zams                  ;38.446;39.152;34.402;38.454;38.592;35.220;34.931;30.586;35.507;35.511;33.937;31.955;34.573;39.319;40.762;40.295;39.206;38.400;39.688;37.098;30.151;4.679;18.980;24.499;;;;;
LZ;70701; Abfaltersbach         ;1.321;1.227;1.318;1.351;1.584;1.059;772;863;1.044;1.298;1.168;1.029;1.239;1.233;1.768;1.135;1.133;1.614;1.748;1.017;1.251;116;988;1.238;;;;;
LZ;70702; Ainet                 ;1.074;1.058;4.971;4.920;3.904;1.191;1.114;409;1.886;2.735;3.931;2.142;2.526;2.030;2.659;3.271;1.849;911;683;3.504;3.620;613;3.048;4.332;;;;;
LZ;70703; Amlach                ;10.176;10.247;10.423;10.826;7.658;10.672;9.780;9.286;9.884;10.361;9.767;9.827;9.589;9.742;9.234;9.392;10.713;10.034;11.461;10.339;10.062;218;8.463;10.526;;;;;
LZ;70704; Anras                 ;3.148;3.562;3.499;3.576;3.574;3.534;2.658;3.456;3.301;3.393;3.603;3.235;3.301;3.261;3.468;2.442;3.049;2.378;3.187;3.578;4.105;44;2.822;4.065;;;;;
LZ;70705; Assling               ;2.192;2.558;2.360;2.434;2.973;3.085;2.685;3.059;2.957;3.250;3.250;2.824;2.747;3.251;4.220;3.202;3.676;3.263;3.643;4.274;4.340;618;4.030;4.774;;;;;
LZ;70706; Außervillgraten       ;9.535;9.533;9.730;10.601;10.253;10.082;9.745;9.164;8.024;9.171;8.443;8.616;8.093;9.125;8.913;9.052;8.795;8.350;9.779;9.250;8.680;37;9.167;9.817;;;;;
LZ;70707; Dölsach               ;2.164;1.860;1.643;1.774;1.670;1.697;1.482;1.100;1.706;1.596;1.521;1.367;1.773;1.865;2.261;1.801;2.636;2.534;2.973;3.763;3.705;464;3.089;4.132;;;;;
LZ;70708; Gaimberg              ;19.107;18.209;16.627;19.797;23.705;23.236;20.677;21.923;22.944;23.008;17.551;16.343;16.522;15.962;17.427;18.749;18.412;18.746;20.714;19.415;18.021;1.570;15.289;17.913;;;;;
LZ;70709; Hopfgarten/Defereggen ;10.529;13.922;13.067;11.348;10.519;8.932;9.122;7.549;8.490;8.988;13.172;15.065;16.512;16.838;16.306;15.020;12.290;13.023;11.872;11.483;10.527;99;8.812;9.950;;;;;
LZ;70710; Innervillgraten       ;11.052;14.473;9.727;14.089;14.164;14.330;12.980;15.828;16.709;18.668;17.444;16.936;16.593;18.335;21.977;17.858;18.035;14.228;20.238;19.860;18.906;490;18.387;20.374;;;;;
LZ;70711; Iselsberg-Stronach    ;7.669;6.445;7.346;7.683;8.679;10.804;9.603;11.892;11.259;11.795;9.144;9.496;9.335;7.941;10.194;9.276;9.875;9.576;10.437;12.091;9.299;3.237;12.789;14.516;;;;;
LZ;70712; Kals am Großglockner  ;53.140;57.962;62.410;68.539;59.486;55.760;53.344;52.384;55.935;81.667;92.639;85.832;90.279;113.669;113.561;115.378;131.008;130.640;140.160;135.106;119.874;747;108.788;123.713;;;;;
LZ;70713; Kartitsch             ;34.919;36.320;36.046;38.022;40.039;38.808;31.511;31.194;32.172;32.972;29.339;26.691;26.041;26.853;26.216;27.905;24.539;21.103;24.211;22.202;24.506;2.142;17.809;22.760;;;;;
LZ;70714; Lavant                ;1.845;1.728;1.780;149;3.585;2.896;9.121;14.083;9.382;13.380;8.418;11.233;11.376;8.808;11.375;13.015;12.313;11.889;13.760;14.361;12.061;280;17.178;23.322;;;;;
LZ;70715; Leisach               ;6.576;6.471;5.507;5.797;7.131;7.112;6.959;7.015;7.492;6.429;6.582;6.723;6.965;6.016;5.986;6.807;8.001;6.110;6.128;7.285;5.924;1.737;7.252;8.096;;;;;
LZ;70716; Lienz                 ;53.592;54.741;51.481;54.702;62.759;61.484;59.153;59.266;57.864;62.848;61.663;62.549;63.775;56.952;65.431;63.099;59.325;57.596;62.032;59.237;54.140;10.852;47.113;56.402;;;;;
LZ;70717; Matrei in Osttirol    ;101.386;112.677;112.948;119.155;111.126;129.765;123.082;119.278;126.096;153.826;141.859;131.790;133.370;127.311;130.488;130.306;126.791;120.562;130.769;126.683;112.411;2.982;84.397;112.212;;;;;
LZ;70718; Nikolsdorf            ;2.763;2.332;2.945;2.567;2.724;2.475;2.315;2.349;2.430;2.572;2.557;2.508;2.312;2.469;2.162;2.069;1.871;1.588;1.793;1.456;1.108;34;1.433;1.868;;;;;
LZ;70719; Nußdorf-Debant        ;2.285;3.071;2.394;2.688;3.318;3.223;3.397;3.395;3.399;3.455;4.759;5.519;5.257;4.384;3.474;3.890;3.782;3.554;2.908;2.865;2.976;893;4.891;3.965;;;;;
LZ;70720; Oberlienz             ;1.379;1.455;1.347;1.065;971;1.301;1.709;1.189;1.330;1.928;1.540;1.128;1.239;1.263;1.186;1.406;1.906;1.221;1.460;1.442;2.106;176;1.099;1.390;;;;;
LZ;70721; Obertilliach          ;47.202;56.091;47.120;55.114;71.988;65.153;59.328;60.019;56.992;61.659;62.999;63.127;59.119;68.137;68.063;71.099;74.965;69.540;77.680;82.123;79.341;24.990;76.037;85.406;;;;;
LZ;70723; Prägraten             ;29.466;26.369;24.886;34.420;37.253;30.642;24.682;20.440;19.176;22.797;24.347;24.141;22.800;20.865;19.949;17.649;15.503;16.870;17.359;19.251;16.077;57;17.941;20.736;;;;;
LZ;70724; St.Jakob/Defereggen   ;168.443;192.549;169.084;187.592;188.138;170.152;155.862;152.168;153.685;162.135;150.643;141.985;139.050;147.022;147.043;151.124;145.398;142.752;149.111;145.738;127.333;2.816;114.126;147.771;;;;;
LZ;70725; St.Johann am Walde    ;337;105;190;439;273;38;93;128;156;0;16;60;10;0;0;2;0;0;39;10;114;0;86;370;;;;;
LZ;70726; St.Veit in Defereggen ;28.820;33.225;31.498;33.185;31.084;28.773;28.416;29.198;28.203;27.491;25.803;23.503;23.051;23.855;22.561;24.202;22.933;21.148;23.788;23.089;20.672;2;19.028;22.218;;;;;
LZ;70727; Schlaiten             ;1.121;931;906;829;623;1.131;1.050;1.359;1.515;1.406;1.506;1.401;1.538;1.443;1.799;1.427;1.354;1.614;1.586;1.737;1.194;6;793;1.317;;;;;
LZ;70728; Sillian               ;53.010;67.951;73.737;70.203;81.888;78.103;89.251;84.785;90.110;92.206;85.800;84.923;86.091;80.827;85.265;87.479;80.432;76.391;84.832;81.732;76.340;2.566;52.416;80.514;;;;;
LZ;70729; Strassen              ;5.136;5.427;5.201;5.591;5.805;4.768;5.903;7.532;5.527;5.951;7.200;6.463;8.179;8.458;9.539;9.326;9.797;8.553;8.964;8.060;7.875;441;7.436;8.257;;;;;
LZ;70731; Thurn                 ;22.923;24.223;24.698;26.055;24.182;23.242;23.204;20.889;21.021;22.765;22.659;19.490;18.864;16.262;15.297;16.408;15.773;13.206;14.956;15.116;13.111;8;11.973;12.881;;;;;
LZ;70732; Tristach              ;4.058;7.023;7.078;7.966;8.722;9.712;9.982;8.746;8.872;8.699;8.665;7.789;8.076;7.819;7.566;7.219;7.358;6.322;7.772;7.162;8.004;1.406;5.632;8.890;;;;;
LZ;70733; Untertilliach         ;4.263;5.920;3.766;4.164;4.478;3.724;2.420;2.884;2.519;1.816;1.795;1.707;1.781;2.949;1.977;2.452;2.233;1.460;1.597;1.769;1.939;684;1.373;2.163;;;;;
LZ;70734; Virgen                ;13.774;18.123;16.857;22.525;22.662;20.846;17.187;15.088;19.741;24.806;22.297;19.806;19.412;22.093;21.124;19.813;18.319;16.646;19.152;19.154;19.679;71;12.932;19.765;;;;;
LZ;70735; Heinfels              ;28.735;33.832;32.382;30.049;30.263;31.519;26.698;24.495;23.725;21.573;20.402;20.309;20.272;17.731;20.271;22.511;22.997;23.692;23.436;24.691;22.272;2.754;17.358;20.571;;;;;
RE;70801; Bach                  ;49.327;48.866;50.141;44.765;48.173;46.425;41.819;44.233;51.777;51.270;47.650;46.351;44.060;45.200;46.945;45.811;47.651;44.339;46.533;49.146;37.021;265;40.199;44.253;;;;;
RE;70802; Berwang               ;144.643;150.245;153.881;141.115;145.500;152.965;144.949;132.840;153.093;146.727;145.530;148.490;144.071;147.529;126.406;121.662;132.051;118.675;135.840;140.121;124.152;504;113.278;128.496;;;;;
RE;70803; Biberwier             ;37.608;36.506;34.609;35.390;37.680;42.449;39.973;37.241;57.995;58.691;57.393;55.480;55.781;54.272;64.160;68.160;73.030;65.659;72.606;76.840;65.681;244;55.792;80.572;;;;;
RE;70804; Bichlbach             ;45.975;40.559;42.325;42.308;40.629;42.060;39.487;34.293;36.410;34.484;35.208;34.919;36.540;39.886;40.434;40.394;43.797;41.808;43.866;46.388;39.870;1.398;42.942;51.327;;;;;
RE;70805; Breitenwang           ;12.916;11.429;12.526;9.433;12.494;12.286;14.300;14.102;13.378;14.142;12.695;11.216;14.324;14.946;14.657;16.237;16.958;16.516;17.460;17.872;13.017;3.168;12.350;18.155;;;;;
RE;70806; Ehenbichl             ;9.011;8.668;9.594;9.416;11.969;11.177;9.758;9.812;7.292;7.123;6.446;5.973;7.771;9.172;8.415;8.403;9.249;9.669;10.966;10.827;9.373;831;9.564;12.193;;;;;
RE;70807; Ehrwald               ;212.892;223.814;217.454;205.309;202.409;227.563;217.833;203.731;223.037;237.865;221.534;216.739;219.773;234.115;218.849;220.246;236.717;221.540;234.984;239.680;228.623;1.410;233.552;263.669;;;;;
RE;70808; Elbigenalp            ;43.821;42.435;49.508;47.831;47.117;48.823;44.041;40.106;53.376;52.079;50.068;52.356;47.861;47.415;54.043;52.401;52.565;48.314;50.083;50.227;41.448;177;38.801;44.781;;;;;
RE;70809; Elmen                 ;4.823;6.571;5.824;5.235;6.643;7.325;6.159;5.353;7.776;6.792;5.534;5.976;4.624;4.419;4.132;3.534;4.676;4.171;4.683;5.174;4.034;148;4.950;5.095;;;;;
RE;70810; Forchach              ;694;412;542;462;585;545;383;560;766;445;248;750;843;1.322;706;1.252;1.247;1.410;959;1.546;1.444;240;817;1.859;;;;;
RE;70811; Grän                  ;149.684;152.868;152.723;157.338;169.764;175.507;167.702;160.460;172.504;175.903;184.164;179.770;184.939;193.616;187.204;185.845;192.716;185.183;197.993;194.229;152.964;571;161.024;181.780;;;;;
RE;70812; Gramais               ;2.937;2.482;3.015;2.119;3.697;3.415;3.363;1.256;2.307;3.683;2.089;3.378;3.630;3.537;3.243;3.207;1.991;3.632;3.271;5.235;3.465;0;3.609;4.289;;;;;
RE;70813; Häselgehr             ;9.453;5.384;8.949;6.761;7.083;7.294;6.589;6.680;8.266;6.778;6.230;7.124;5.964;6.427;5.927;8.185;9.169;6.451;4.596;4.223;3.965;179;3.824;4.598;;;;;
RE;70814; Heiterwang            ;19.023;17.813;17.502;16.179;14.518;15.767;15.216;13.782;15.856;14.331;13.132;14.778;14.480;14.030;13.088;14.246;16.537;17.905;17.318;17.796;16.262;116;14.063;18.347;;;;;
RE;70815; Hinterhornbach        ;471;1.150;830;1.819;1.350;1.004;1.282;1.081;1.726;1.728;1.127;1.302;1.129;1.347;1.255;1.648;1.890;1.982;2.237;3.080;2.938;0;2.670;3.843;;;;;
RE;70816; Höfen                 ;22.172;22.123;20.550;22.894;22.376;23.543;24.826;23.685;23.035;22.638;21.351;20.010;23.027;26.068;25.867;22.983;22.147;23.985;25.700;25.926;22.103;2.062;16.129;19.303;;;;;
RE;70817; Holzgau               ;47.888;53.297;50.598;57.788;56.603;48.623;52.550;50.173;60.014;63.550;58.859;63.616;56.861;62.508;60.034;64.470;77.039;62.226;69.066;68.300;53.399;36;57.704;67.698;;;;;
RE;70818; Jungholz              ;49.031;48.587;48.406;49.445;45.808;50.053;37.622;30.872;35.016;34.697;33.004;31.642;32.084;32.524;30.235;31.616;34.082;31.153;36.210;35.554;34.252;402;30.518;29.686;;;;;
RE;70819; Kaisers               ;2.050;2.108;2.489;2.496;2.143;1.907;1.998;2.061;1.724;1.433;876;1.661;1.129;2.459;2.385;1.748;2.541;4.393;3.827;4.050;2.987;7;3.422;4.520;;;;;
RE;70820; Lechaschau            ;10.078;10.244;10.479;10.003;10.453;11.491;10.937;11.608;11.832;10.516;10.050;11.946;11.536;12.095;11.671;11.954;12.420;13.387;13.491;13.278;15.112;1.627;11.184;16.911;;;;;
RE;70821; Lermoos               ;250.292;252.239;258.118;241.079;255.998;282.116;267.577;250.243;287.859;278.851;285.708;273.438;276.116;293.381;279.539;287.967;313.034;286.610;306.984;312.150;247.035;1.702;248.609;271.252;;;;;
RE;70822; Musau                 ;34;22;113;320;230;251;227;360;558;621;637;381;495;891;428;628;1.531;1.224;1.224;1.659;1.329;793;1.307;1.193;;;;;
RE;70823; Namlos                ;2.059;2.122;2.553;2.465;2.673;2.853;2.778;2.260;2.928;2.615;2.191;1.938;2.077;2.824;2.671;2.787;2.637;2.708;3.002;2.845;2.553;0;2.136;2.263;;;;;
RE;70824; Nesselwängle          ;49.812;49.994;51.577;50.377;48.277;46.560;52.842;44.536;45.853;47.794;45.197;44.242;43.887;40.195;42.252;41.778;43.120;44.716;50.980;51.551;55.972;238;55.499;60.167;;;;;
RE;70825; Pfafflar              ;3.518;2.686;2.862;3.679;3.468;3.905;3.911;3.239;3.817;3.448;3.995;4.005;1.943;3.667;2.580;3.103;3.135;4.001;5.210;5.581;5.077;0;4.190;6.971;;;;;
RE;70826; Pflach                ;3.317;3.276;2.691;2.658;2.625;2.220;2.725;2.484;2.686;2.991;2.839;2.697;3.029;3.044;3.557;3.178;3.614;3.170;3.183;3.586;3.063;585;2.730;4.074;;;;;
RE;70827; Pinswang              ;3.273;4.117;3.318;3.192;3.336;3.600;5.000;5.043;5.210;5.876;6.191;4.906;6.205;6.134;6.248;4.266;4.753;3.542;4.011;3.244;3.603;1.220;2.848;4.736;;;;;
RE;70828; Reutte                ;40.223;39.717;39.164;39.725;40.881;41.524;42.987;37.659;38.532;16.453;30.250;36.904;37.881;37.734;35.608;39.878;36.642;41.156;44.005;39.430;31.728;1.234;25.223;43.243;;;;;
RE;70829; Schattwald            ;29.085;29.786;26.345;24.777;27.282;29.043;27.000;21.213;26.362;25.453;25.604;23.426;23.071;21.878;20.905;19.338;19.434;22.242;29.871;28.502;24.402;39;23.211;26.179;;;;;
RE;70830; Stanzach              ;19.093;20.467;18.500;15.431;24.318;21.151;16.376;19.189;18.051;20.759;16.725;13.391;11.256;15.194;13.887;14.011;13.576;14.708;14.910;16.336;17.694;152;10.150;14.623;;;;;
RE;70831; Steeg                 ;51.118;51.147;50.225;50.194;51.594;45.296;45.849;41.941;42.480;43.412;45.351;41.627;40.923;43.418;52.340;57.614;56.432;54.260;57.806;64.641;55.955;494;61.889;67.992;;;;;
RE;70832; Tannheim              ;176.808;179.864;169.808;165.145;173.313;180.375;173.521;152.633;173.112;175.602;166.765;165.007;173.127;172.118;161.112;159.774;161.085;156.287;164.155;166.312;137.646;1.324;119.915;132.380;;;;;
RE;70833; Vils                  ;3.797;4.755;5.097;3.755;3.191;5.478;5.298;5.864;3.144;2.946;2.483;3.742;3.706;2.468;1.565;1.496;1.133;1.583;2.304;2.497;2.354;427;1.903;2.059;;;;;
RE;70834; Vorderhornbach        ;5.791;5.283;5.153;4.904;4.794;5.869;4.701;4.931;5.833;4.473;4.009;2.663;2.501;2.778;2.540;2.260;2.275;1.984;2.725;3.553;2.041;0;1.892;2.268;;;;;
RE;70835; Wängle                ;23.861;25.850;22.107;18.908;21.137;24.862;24.701;23.675;21.433;19.252;16.011;18.594;18.961;22.364;20.993;15.956;18.324;18.388;21.529;21.052;18.867;453;13.065;12.101;;;;;
RE;70836; Weißenbach am Lech    ;15.153;16.529;13.806;13.290;12.544;13.162;14.726;13.295;12.398;11.134;10.901;11.005;11.696;12.256;9.621;9.251;10.373;10.426;9.322;9.482;11.691;2.030;9.076;11.450;;;;;
RE;70837; Zöblen                ;19.070;19.922;19.181;16.649;20.885;21.345;19.538;14.338;16.890;18.224;17.818;15.635;16.536;16.203;14.611;13.901;14.400;17.598;20.513;21.383;17.719;33;13.490;17.975;;;;;
SZ;70901; Achenkirch            ;168.423;169.706;163.243;161.205;168.659;178.612;183.383;169.399;180.539;174.893;172.942;177.123;173.368;182.993;174.400;169.583;179.414;178.246;194.195;195.442;163.515;2.743;145.799;176.985;;;;;
SZ;70902; Aschau im Zillertal   ;103.073;117.432;119.155;132.838;132.168;139.282;148.238;148.482;158.515;157.285;165.266;172.522;179.609;181.918;184.720;181.077;194.356;188.352;197.148;198.046;157.844;1.757;149.860;184.883;;;;;
SZ;70903; Brandberg             ;14.806;17.124;21.532;25.664;24.246;24.669;23.683;21.843;26.222;23.560;22.500;21.938;23.293;24.297;20.839;22.558;23.833;22.356;24.613;22.223;20.286;47;14.569;20.737;;;;;
SZ;70904; Bruck am Ziller       ;13.318;14.388;13.615;16.479;16.069;14.724;14.918;15.954;16.050;15.944;19.671;23.887;23.200;24.259;26.558;25.755;23.919;22.552;23.156;20.978;18.347;985;13.031;19.765;;;;;
SZ;70905; Buch bei Jenbach      ;6.225;5.668;6.544;5.630;5.050;5.302;7.278;7.004;8.048;7.642;6.158;7.254;7.367;8.715;8.234;7.905;8.260;7.867;9.663;7.068;8.768;4.453;5.884;7.912;;;;;
SZ;70907; Eben am Achensee      ;347.066;358.982;348.921;358.942;363.567;375.078;379.462;359.762;360.586;368.760;369.957;366.748;383.276;391.623;374.316;363.808;381.510;372.804;386.622;399.160;345.449;2.975;324.903;375.470;;;;;
SZ;70908; Finkenberg            ;164.983;184.737;198.447;207.251;208.692;209.679;221.731;234.158;238.310;246.410;241.446;232.153;234.806;234.597;223.185;235.097;236.531;236.021;238.119;237.737;193.427;720;196.537;224.067;;;;;
SZ;70909; Fügen                 ;212.449;225.074;237.019;245.584;248.642;264.850;280.159;289.745;300.507;310.989;305.966;295.322;286.299;291.996;267.021;280.538;306.034;312.368;339.448;341.492;283.430;7.093;247.114;308.356;;;;;
SZ;70910; Fügenberg             ;95.006;114.121;110.877;131.738;117.325;143.662;154.441;153.418;162.055;159.629;153.568;145.271;154.231;164.743;158.130;156.939;163.996;166.390;171.170;172.301;148.434;469;128.274;165.990;;;;;
SZ;70911; Gallzein              ;1.646;1.217;1.074;1.401;1.116;1.917;1.807;1.106;1.848;1.534;1.004;1.653;1.909;1.489;2.590;2.102;1.542;1.728;2.283;1.744;1.525;84;1.396;2.334;;;;;
SZ;70912; Gerlos                ;307.409;314.199;329.604;326.351;343.404;374.224;364.513;364.492;397.269;423.251;418.199;402.967;409.311;414.375;396.300;413.671;427.729;424.974;441.108;440.259;376.680;497;371.375;438.760;;;;;
SZ;70913; Gerlosberg            ;27.769;30.364;33.039;35.837;36.748;38.999;39.740;41.378;51.334;54.028;56.259;57.144;57.554;58.445;58.521;61.571;65.058;64.065;68.504;66.456;57.032;243;49.942;62.319;;;;;
SZ;70914; Hainzenberg           ;44.319;40.327;44.534;51.753;53.996;59.407;58.618;60.859;68.052;72.406;74.366;72.848;74.040;69.945;67.759;68.717;70.313;64.761;68.022;65.638;60.198;38;45.855;67.851;;;;;
SZ;70915; Hart im Zillertal     ;32.293;36.058;38.659;41.321;41.111;42.474;44.471;43.337;52.381;49.782;49.220;45.959;49.370;54.531;50.227;54.313;59.072;56.319;62.162;62.700;53.317;1.036;47.218;66.140;;;;;
SZ;70916; Hippach               ;89.899;97.549;109.352;119.043;122.416;131.370;138.645;142.217;151.346;156.977;156.271;146.542;163.063;172.962;155.117;164.650;172.913;163.810;170.943;166.517;141.393;2.056;128.701;155.970;;;;;
SZ;70917; Jenbach               ;12.175;12.357;12.164;12.798;11.285;10.231;14.205;13.659;14.761;13.491;11.456;14.377;14.005;14.996;13.100;12.954;10.398;11.464;11.515;13.242;8.352;1.674;7.339;10.434;;;;;
SZ;70918; Kaltenbach            ;93.339;99.260;106.620;112.352;115.034;126.774;132.209;127.905;140.708;155.069;153.566;154.345;157.090;157.291;148.397;164.733;173.949;169.558;190.797;189.705;159.408;321;160.185;187.177;;;;;
SZ;70920; Mayrhofen             ;729.836;730.752;771.232;780.454;782.699;799.695;815.648;821.629;851.532;878.744;895.775;863.542;909.864;923.819;865.894;857.358;878.276;861.241;899.101;868.530;706.436;1.915;698.858;824.241;;;;;
SZ;70921; Pill                  ;18.391;19.811;17.314;20.680;19.467;21.175;21.479;19.024;22.528;20.490;17.333;15.049;21.639;22.774;19.798;19.742;16.181;16.436;22.483;21.173;20.490;909;16.145;23.090;;;;;
SZ;70922; Ramsau im Zillertal   ;74.828;77.256;89.161;99.217;101.604;106.104;106.779;108.992;113.387;114.867;113.273;107.237;112.206;119.262;116.341;119.372;120.874;115.556;123.228;120.976;100.843;577;99.537;118.993;;;;;
SZ;70923; Ried im Zillertal     ;85.191;98.394;101.061;101.452;103.572;114.455;111.732;106.937;119.016;120.190;122.424;118.058;122.826;128.516;110.559;115.104;115.202;117.331;119.664;119.444;99.914;303;86.232;104.525;;;;;
SZ;70924; Rohrberg              ;26.088;28.851;30.823;32.763;32.907;33.323;32.497;34.878;34.974;36.036;37.103;39.605;40.733;42.757;40.470;50.522;56.324;55.439;55.800;57.239;50.483;68;50.101;55.642;;;;;
SZ;70925; Schlitters            ;16.836;19.027;19.075;19.699;21.423;23.867;21.289;26.051;23.756;21.620;22.674;22.310;23.404;28.961;21.863;23.598;28.098;26.109;28.876;18.817;16.478;263;13.094;19.828;;;;;
SZ;70926; Schwaz                ;10.172;9.017;9.288;8.977;9.503;10.324;11.598;9.252;7.868;7.113;14.175;14.172;17.360;15.349;13.328;15.652;15.012;12.297;14.548;13.113;12.615;3.969;8.830;17.193;;;;;
SZ;70927; Schwendau             ;137.268;141.841;159.326;167.668;167.321;167.117;168.496;170.223;179.178;180.026;183.108;176.381;183.960;188.285;174.454;186.206;181.773;182.326;197.497;193.681;152.569;638;146.411;164.916;;;;;
SZ;70928; Stans                 ;27.774;27.597;34.764;40.669;45.011;46.389;44.969;50.130;41.382;45.185;43.377;43.061;37.732;38.420;36.418;36.179;36.721;38.147;39.404;35.144;27.736;1.544;21.816;38.283;;;;;
SZ;70929; Steinberg am Rofan    ;12.098;8.316;17.134;3.809;4.750;5.050;9.535;6.230;5.448;6.267;5.954;6.635;6.461;6.171;6.071;5.249;4.988;5.262;6.894;7.128;5.908;19;5.490;6.967;;;;;
SZ;70930; Strass im Zillertal   ;24.898;27.035;25.493;29.060;30.645;33.305;29.479;32.450;37.279;34.360;33.213;35.641;36.103;29.333;25.916;25.925;27.217;25.270;24.331;25.006;23.480;3.926;17.574;24.433;;;;;
SZ;70931; Stumm                 ;76.737;81.690;93.795;100.709;99.135;120.176;118.165;123.508;134.621;137.111;129.960;122.005;130.401;139.203;129.247;135.321;137.811;134.030;142.843;136.350;119.803;1.524;104.847;130.691;;;;;
SZ;70932; Stummerberg           ;19.531;19.117;20.404;18.835;18.992;25.516;31.197;33.782;35.390;39.948;39.380;36.258;38.085;42.266;34.732;38.678;38.118;39.044;39.703;40.687;37.165;244;30.170;38.747;;;;;
SZ;70933; Terfens               ;978;612;1.370;1.159;1.897;723;3.628;1.400;2.568;1.575;4.163;1.754;2.614;2.247;1.776;1.969;2.704;3.171;4.346;4.258;4.618;1.532;4.352;4.920;;;;;
SZ;70934; Tux                   ;562.929;609.482;625.710;632.996;615.894;606.782;610.920;637.012;639.643;629.525;630.622;630.118;652.104;640.320;624.907;652.424;663.498;677.054;658.005;660.672;524.902;3.444;551.446;645.616;;;;;
SZ;70935; Uderns                ;78.140;80.492;85.943;86.313;87.991;88.671;96.633;93.521;95.173;99.171;103.858;95.227;105.489;105.906;103.087;107.601;102.478;97.997;104.422;94.093;83.857;1.608;77.617;92.778;;;;;
SZ;70936; Vomp                  ;15.651;11.603;21.340;8.736;9.614;14.833;17.161;15.406;14.171;14.908;12.711;12.169;15.886;14.492;10.939;12.312;12.573;14.185;14.506;12.754;11.885;2.655;6.995;11.478;;;;;
SZ;70937; Weer                  ;15.710;14.053;13.488;13.416;18.711;18.881;18.968;18.351;21.371;18.197;17.478;18.691;15.828;13.176;14.654;14.790;12.004;5.677;5.878;3.748;5.153;1.765;4.495;4.416;;;;;
SZ;70938; Weerberg              ;21.185;19.614;24.711;23.982;22.317;25.565;24.414;20.500;22.587;18.334;18.916;17.592;21.328;25.525;22.964;23.530;20.917;20.595;21.157;20.458;20.020;3.488;15.137;23.387;;;;;
SZ;70939; Wiesing               ;12.793;13.928;13.115;20.027;21.382;22.725;24.763;21.408;26.025;27.434;25.689;23.529;20.685;15.797;14.111;13.451;13.485;15.165;16.021;16.246;16.331;5.110;13.822;14.697;;;;;
SZ;70940; Zell am Ziller        ;153.540;163.296;163.625;173.832;176.543;172.788;179.048;180.465;199.387;209.702;199.344;196.297;213.177;216.870;212.465;205.328;206.586;204.593;204.489;200.047;173.821;1.571;161.689;200.164;;;;;
SZ;70941; Zellberg              ;40.718;42.654;42.850;48.285;48.573;51.772;48.612;49.166;54.556;51.066;57.016;53.703;56.257;58.966;55.522;58.705;59.109;60.215;65.224;63.059;56.643;273;51.393;60.502;;;;;
;;;;;;;;;;;;;;;;;;;;;;;;;;;;;;;
;;;;;;;;;;;;;;;;;;;;;;;;;;;;;;;
;;;;;;;;;;;;;;;;;;;;;;;;;;;;;;;
;;;;;;;;;;;;;;;;;;;;;;;;;;;;;;;
;;;;;;;;;;;;;;;;;;;;;;;;;;;;;;;
;;;;;;;;;;;;;;;;;;;;;;;;;;;;;;;
;;;;;;;;;;;;;;;;;;;;;;;;;;;;;;;
;;;;;;;;;;;;;;;;;;;;;;;;;;;;;;;
;;;;;;;;;;;;;;;;;;;;;;;;;;;;;;;
;;;;;;;;;;;;;;;;;;;;;;;;;;;;;;;
;;;;;;;;;;;;;;;;;;;;;;;;;;;;;;;
;;;;;;;;;;;;;;;;;;;;;;;;;;;;;;;
;;;;;;;;;;;;;;;;;;;;;;;;;;;;;;;
;;;;;;;;;;;;;;;;;;;;;;;;;;;;;;;
;;;;;;;;;;;;;;;;;;;;;;;;;;;;;;;
